{
  "classes": [
    0.125,
    0.16670000553131104,
    0.20000000298023224,
    0.25,
    0.33329999446868896,
    0.5,
    0.666700005531311,
    1.0,
    1.5,
    2.0,
    3.0,
    4.0
  ],
  "mapping": {
    "0.125": 0,
    "0.16670000553131104": 1,
    "0.20000000298023224": 2,
    "0.25": 3,
    "0.33329999446868896": 4,
    "0.5": 5,
    "0.666700005531311": 6,
    "1.0": 7,
    "1.5": 8,
    "2.0": 9,
    "3.0": 10,
    "4.0": 11
  }
}