{
  "model_name": "autoencoder_training_big4_fmsynth3_0_1",
  "encoder_name": "encoder_autoencoder_training_big4_fmsynth3_0_1",
  "dataset": "dataset_big4",
  "tamanho_dataset": 10000,
  "split": {
    "fit_size": 6000,
    "val_size": 1500,
    "test_size": 2500,
    "train_frac": 0.75,
    "val_frac_of_train": 0.2
  },
  "runtime_config": {
    "batch_size": 2,
    "pred_batch_size": 4,
    "epochs": 180,
    "learning_rate": 0.001,
    "mixed_precision": true,
    "mixed_precision_policy": "mixed_float16",
    "disable_xla_jit": true,
    "audio_dtype": "float16",
    "sequence_training": true,
    "save_split_arrays": false
  },
  "model_config": {
    "latent_dim": 256,
    "decoder_hidden_dim": 384,
    "decoder_dropout": 0.1
  },
  "loss_config": {
    "log_mel_weight": 0.7,
    "stft_weight": 0.3,
    "n_fft": 1024,
    "hop_length": 256,
    "win_length": 1024,
    "n_mels": 96,
    "mel_fmin": 20.0,
    "mel_fmax": 8000.0
  },
  "audio_config": {
    "audio_len": 64000,
    "sample_rate": 16000
  },
  "metrics": {
    "test_loss_keras": 2.2925047874450684,
    "test_waveform_mae": 0.25369706749916077,
    "test_log_mel_mae": 2.7824785453796386,
    "test_stft_mae": 1.1492368963718413,
    "test_hybrid_recomputed": 2.292506050677299
  },
  "history_last": {
    "log_mel_mae": 2.537846088409424,
    "loss": 2.1260695457458496,
    "mae": 0.25666216015815735,
    "stft_mae": 1.1652581691741943,
    "val_log_mel_mae": 2.7916324138641357,
    "val_loss": 2.3053390979766846,
    "val_mae": 0.25469982624053955,
    "val_stft_mae": 1.1706539392471313,
    "learning_rate": 1.9531250927684596e-06
  },
  "best_val_loss": {
    "epoch": 179,
    "value": 2.3053390979766846
  }
}