mode,sample_count,algorithm_accuracy,ratio_mae,freq_mae,fft_distance_mean,stft_distance_mean,log_mel_spectrogram_distance_raw_mean,log_mel_spectrogram_distance_normalized_mean
full_pred,512,0.65625,0.15537365169439,25.530977576971054,23706.485753059387,4026.3803577423096,188.93101102113724,0.01171447240954472
oracle_algorithm,512,0.65625,0.15482294029789045,25.48755757510662,23699.994806289673,4019.4735958576202,186.7856953665614,0.01158145432580366
oracle_pitch,512,0.65625,0.15537365169439,25.530977576971054,22098.470335006714,2519.5809818804264,117.40889419801533,0.007279817348587261
oracle_algorithm_pitch,512,0.65625,0.15482294029789045,25.48755757510662,22017.741887569427,2449.8831436932087,111.22154968045652,0.006896177435544179
oracle_timbre,512,0.65625,0.15537365169439,25.530977576971054,23495.134001731873,3957.5774143338203,181.93130051903427,0.01128046258178536
oracle_envelope,512,0.65625,0.15537365169439,25.530977576971054,23063.811633110046,3894.0729222893715,184.30269039422274,0.011427498164324326
oracle_all,512,0.65625,0.15482294029789045,25.48755757510662,6.028293572482653,0.11950164148584008,0.002669284426019658,1.6550622681173475e-07
