{
  "model": {
    "count": 4096,
    "fft_distance_mean": 17260.314703702927,
    "stft_distance_mean": 3647.7916116714478,
    "log_mel_spectrogram_distance_raw_mean": 174.77808518428355,
    "log_mel_spectrogram_distance_normalized_mean": 0.010836934845255677
  },
  "pitch_baseline": {
    "count": 4096,
    "fft_distance_mean": 33355.782839775085,
    "stft_distance_mean": 6526.77640748024,
    "log_mel_spectrogram_distance_raw_mean": 143.91487210988998,
    "log_mel_spectrogram_distance_normalized_mean": 0.00892329316157552
  },
  "baseline_440": {
    "count": 4096,
    "fft_distance_mean": 33508.80603647232,
    "stft_distance_mean": 7290.345971822739,
    "log_mel_spectrogram_distance_raw_mean": 184.8730629850179,
    "log_mel_spectrogram_distance_normalized_mean": 0.011462863528336923
  },
  "harmonic_baseline": {
    "count": 4096,
    "fft_distance_mean": 26228.547420978546,
    "stft_distance_mean": 4783.1553891301155,
    "log_mel_spectrogram_distance_raw_mean": 177.45535372383893,
    "log_mel_spectrogram_distance_normalized_mean": 0.011002936118789615
  }
}