epoch,algorithm_head_loss,algorithm_head_sparse_categorical_accuracy,freq_log2_head_loss,freq_log2_head_mae,freq_log2_head_mse,loss,ratio_log2_head_loss,ratio_log2_head_mae,ratio_log2_head_mse,val_algorithm_head_loss,val_algorithm_head_sparse_categorical_accuracy,val_freq_log2_head_loss,val_freq_log2_head_mae,val_freq_log2_head_mse,val_loss,val_ratio_log2_head_loss,val_ratio_log2_head_mae,val_ratio_log2_head_mse,learning_rate
0,0.7449238300323486,0.4894999861717224,0.1770092397928238,0.4764260947704315,0.3679785132408142,2.358163833618164,0.4282742142677307,0.813086986541748,0.9672276377677917,0.43165597319602966,0.6626666784286499,0.04532406106591225,0.2402765452861786,0.09062579274177551,1.3647323846817017,0.2993885278701782,0.6565034985542297,0.6411080956459045,0.00019999999494757503
1,0.463511198759079,0.628166675567627,0.10662930458784103,0.3665294647216797,0.21598675847053528,1.5009863376617432,0.34482645988464355,0.7099488973617554,0.7588903903961182,0.6069480776786804,0.6179999709129333,0.04972701519727707,0.24543462693691254,0.09948242455720901,1.8438832759857178,0.2730731964111328,0.619782567024231,0.5787766575813293,0.00019999999494757503
2,0.3871842920780182,0.6738333106040955,0.08423733711242676,0.3240811824798584,0.16940093040466309,1.261783480644226,0.31058138608932495,0.6664586067199707,0.6752615571022034,0.5504873394966125,0.6346666812896729,0.050738513469696045,0.25177353620529175,0.10101540386676788,1.680659532546997,0.2646002173423767,0.6123106479644775,0.5512630939483643,0.00019999999494757503
3,0.3049376308917999,0.7213333249092102,0.06538550555706024,0.2844134569168091,0.13113003969192505,0.9872024059295654,0.2310078889131546,0.5571127533912659,0.48988285660743713,0.2529515326023102,0.7406666874885559,0.03437994793057442,0.1989876925945282,0.06882116943597794,0.7919760942459106,0.15247337520122528,0.4468107223510742,0.3126855790615082,9.999999747378752e-05
